year,pm25_mean
2017,133.34436930756073
2020,133.2028748306042
2023,131.97332216482886
2022,131.7642263269232
2018,130.80960117984657
2024,129.9090483483714
2015,129.76754985832682
2019,128.3839299708426
2016,126.8397799107211
2021,123.98069103913821

