month,pm25_mean
2,135.295231336954
6,133.96037628794966
8,133.81559879942097
11,133.2585172381489
7,132.95853528046632
10,130.3798687019241
3,130.22737294641476
9,128.1483625021687
5,127.448137845007
4,127.0874358740806
12,124.24860667283393
1,123.24264753746716

