season,pm25_mean
Spring,137.00806495226112
Winter,129.04597294611236
Autumn,128.1641206984089
Summer,125.73520546225275

