pollutant,count,mean,p50,p95,min,max
PM2.5 (µg/m³),3000,130.07274240079397,128.85817222106783,237.60470091123608,10.039019416025043,249.8474730741296
PM10 (µg/m³),3000,158.81839774077486,157.17472308785415,285.7072409176678,20.017134016581227,299.70229261089287
NO2 (µg/m³),3000,52.94869661413674,53.40487858824612,94.48171948807381,5.005046875086433,99.97951129085969
SO2 (µg/m³),3000,25.42612660699014,25.677423364402216,47.35885554529559,1.0146934222912058,49.98985020662516
CO (mg/m³),3000,2.562513755457297,2.5537782720599758,4.746009712666546,0.10220708527835294,4.9986584350286005
O3 (µg/m³),3000,105.61336529710772,106.70630226121743,190.0239273641853,10.09455149821186,199.93638695822668
